https://data.moi.gov.tw/MoiOD/System/DownloadFile.aspx?DATA=2243EA45-FB4D-4D43-857A-1DB6EFA69A5F,2021,02
https://data.moi.gov.tw/MoiOD/System/DownloadFile.aspx?DATA=4E965467-56B8-4C8E-98A2-91EC535CC1DA,2020,12
https://data.moi.gov.tw/MoiOD/System/DownloadFile.aspx?DATA=2D3F4ACC-0A8D-4781-BB82-2B70EA1EC7FD,2020,06
https://data.moi.gov.tw/MoiOD/System/DownloadFile.aspx?DATA=2D5EAF34-4CD8-4684-B008-0276E12A9879,2020,11
https://data.moi.gov.tw/MoiOD/System/DownloadFile.aspx?DATA=2603EAA8-E298-4273-9180-DA6E860BB110,2018,05
https://data.moi.gov.tw/MoiOD/System/DownloadFile.aspx?DATA=30159428-C4C6-4257-BAC8-4CB93660414B,2019,04
https://data.moi.gov.tw/MoiOD/System/DownloadFile.aspx?DATA=B1D2A2E6-889F-4FAA-AF2B-8781E633010A,2018,04
https://data.moi.gov.tw/MoiOD/System/DownloadFile.aspx?DATA=143770F7-8737-4339-BDA5-9CD45973BD52,2020,10
https://data.moi.gov.tw/MoiOD/System/DownloadFile.aspx?DATA=EC5F4B58-38CD-4877-964B-65215F90452C,2019,03
https://data.moi.gov.tw/MoiOD/System/DownloadFile.aspx?DATA=F8569EBD-6F90-4E07-80B7-719D1935DCE9,2020,01
https://data.moi.gov.tw/MoiOD/System/DownloadFile.aspx?DATA=FE1350F3-7B8C-4046-88E2-3384CF16B9D4,2018,07
https://data.moi.gov.tw/MoiOD/System/DownloadFile.aspx?DATA=0EC1A62A-5234-4561-8A9C-5CA107E53B6F,2020,09
https://data.moi.gov.tw/MoiOD/System/DownloadFile.aspx?DATA=4AA2518C-3AA0-4FFD-866C-71FE6A572BB6,2018,10
https://data.moi.gov.tw/MoiOD/System/DownloadFile.aspx?DATA=84CCD5B3-BDE8-4773-AC1C-F472444BFBB0,2018,11
https://data.moi.gov.tw/MoiOD/System/DownloadFile.aspx?DATA=9CFBBE28-2E5E-4643-899E-DBB98FA06B11,2021,01
https://data.moi.gov.tw/MoiOD/System/DownloadFile.aspx?DATA=3467F994-8F3D-4E87-8741-AC4213F70888,2018,06
https://data.moi.gov.tw/MoiOD/System/DownloadFile.aspx?DATA=4F288EF1-67AC-4701-85CC-59CDCF888826,2019,08
https://data.moi.gov.tw/MoiOD/System/DownloadFile.aspx?DATA=E0F4B9DB-1EAD-4AAC-86E1-FB02D3AE51EB,2019,06
https://data.moi.gov.tw/MoiOD/System/DownloadFile.aspx?DATA=9A25DAB1-9B1E-437A-A4F5-91BD897DDCD4,2018,01
https://data.moi.gov.tw/MoiOD/System/DownloadFile.aspx?DATA=1D38B397-5572-4099-9397-28F8C31CE16C,2020,02
https://data.moi.gov.tw/MoiOD/System/DownloadFile.aspx?DATA=162F2ADB-5E89-45FB-9FF1-966D66927548,2019,09
https://data.moi.gov.tw/MoiOD/System/DownloadFile.aspx?DATA=2CFB4AEA-AC6C-4C94-9286-C11A3EAC5BF2,2018,02
https://data.moi.gov.tw/MoiOD/System/DownloadFile.aspx?DATA=4742AB9A-75BA-4D25-AAE8-14D090D642C9,2018,03
https://data.moi.gov.tw/MoiOD/System/DownloadFile.aspx?DATA=0D23D523-7708-4C9F-9899-0F5F831FE06D,2019,01
https://data.moi.gov.tw/MoiOD/System/DownloadFile.aspx?DATA=DA8DD98F-B6DF-4E9B-85BB-9A71776E70E7,2019,05
https://data.moi.gov.tw/MoiOD/System/DownloadFile.aspx?DATA=43B7DCD7-3423-425C-AEB5-2A1640F24799,2020,04
https://data.moi.gov.tw/MoiOD/System/DownloadFile.aspx?DATA=49210C76-6E27-4AB7-A311-41824798C1E4,2018,09
https://data.moi.gov.tw/MoiOD/System/DownloadFile.aspx?DATA=45378256-9DF9-48DE-A9E1-ECD5F0864A5A,2021,03https://data.moi.gov.tw/MoiOD/System/DownloadFile.aspx?DATA=0A0BDC38-EFD5-4FEE-9F6A-D7FF46605ADC,2020,07
https://data.moi.gov.tw/MoiOD/System/DownloadFile.aspx?DATA=266D7E0D-ECB1-4D11-BF12-18F16475D0DB,2019,11
https://data.moi.gov.tw/MoiOD/System/DownloadFile.aspx?DATA=D4EACB68-D2B8-47F7-B240-DCAA2FF67CA0,2020,05
https://data.moi.gov.tw/MoiOD/System/DownloadFile.aspx?DATA=78FA5340-0503-44B6-814D-68FA45C8AFD4,2019,02
https://data.moi.gov.tw/MoiOD/System/DownloadFile.aspx?DATA=0ABF033B-5C02-4C21-8686-56F9C8E2DB6D,2018,12
https://data.moi.gov.tw/MoiOD/System/DownloadFile.aspx?DATA=4DD7A622-8689-40E4-96DF-AB071E59B05C,2020,03
https://data.moi.gov.tw/MoiOD/System/DownloadFile.aspx?DATA=63D4C06A-D42A-4C10-AF60-67F568CB63CB,2019,12
https://data.moi.gov.tw/MoiOD/System/DownloadFile.aspx?DATA=66D8FA15-5405-4000-89C5-8C80B8C41C46,2019,07
https://data.moi.gov.tw/MoiOD/System/DownloadFile.aspx?DATA=90BF5BF7-FC13-4380-B91C-55CF2DBC4938,2020,08
https://data.moi.gov.tw/MoiOD/System/DownloadFile.aspx?DATA=AC8FC9BA-4952-4A2E-8071-95CE1AE4AB60,2018,08
https://data.moi.gov.tw/MoiOD/System/DownloadFile.aspx?DATA=467E5502-D4C0-4874-B6E5-A97C3EFA3287,2019,10
https://data.moi.gov.tw/MoiOD/System/DownloadFile.aspx?DATA=0A0BDC38-EFD5-4FEE-9F6A-D7FF46605ADC,2020,07
